iter	compliance	FCS	theta_only	hj_trial	reinit_trial	accepted_source_detail
1	8.819404333684e-07	8.924588422730e-01	8.819404333684e-07	8.833317128998e-07	NaN	hold
2	8.819404333684e-07	8.924588422730e-01	8.819404333684e-07	8.833317128998e-07	NaN	hold
3	8.819404333684e-07	8.924588422730e-01	8.819404333684e-07	8.833317128998e-07	NaN	hold
4	8.819404333684e-07	8.924588422730e-01	8.819404333684e-07	8.833317128998e-07	NaN	hold
5	8.819404333684e-07	8.924588422730e-01	8.819404333684e-07	8.833317128998e-07	NaN	hold
6	8.819404333684e-07	8.924588422730e-01	8.819404333684e-07	8.833317128998e-07	NaN	hold
7	8.819404333684e-07	8.924588422730e-01	8.819404333684e-07	8.833317128998e-07	NaN	hold
8	8.819404333684e-07	8.924588422730e-01	8.819404333684e-07	8.833317128998e-07	NaN	hold
9	8.819404333684e-07	8.924588422730e-01	8.819404333684e-07	8.833317128998e-07	NaN	hold
10	8.819404333684e-07	8.924588422730e-01	8.819404333684e-07	8.833317128998e-07	NaN	hold
11	8.819404333684e-07	8.924588422730e-01	8.819404333684e-07	8.833317128998e-07	NaN	hold
12	8.819404333684e-07	8.924588422730e-01	8.819404333684e-07	8.833317128998e-07	NaN	hold
13	8.819404333684e-07	8.924588422730e-01	8.819404333684e-07	8.833317128998e-07	NaN	hold
14	8.819404333684e-07	8.924588422730e-01	8.819404333684e-07	8.833317128998e-07	NaN	hold
15	8.819404333684e-07	8.924588422730e-01	8.819404333684e-07	8.833317128998e-07	NaN	hold
16	8.819404333684e-07	8.924588422730e-01	8.819404333684e-07	8.833317128998e-07	NaN	hold
17	8.819404333684e-07	8.924588422730e-01	8.819404333684e-07	8.833317128998e-07	NaN	hold
18	8.819404333684e-07	8.924588422730e-01	8.819404333684e-07	8.833317128998e-07	NaN	hold
19	8.819404333684e-07	8.924588422730e-01	8.819404333684e-07	8.833317128998e-07	NaN	hold
20	8.819404333684e-07	8.924588422730e-01	8.819404333684e-07	8.833317128998e-07	NaN	hold
21	8.819404333684e-07	8.924588422730e-01	8.819404333684e-07	8.833317128998e-07	NaN	hold
22	8.819404333684e-07	8.924588422730e-01	8.819404333684e-07	8.833317128998e-07	NaN	hold
23	8.819404333684e-07	8.924588422730e-01	8.819404333684e-07	8.833317128998e-07	NaN	hold
24	8.819404333684e-07	8.924588422730e-01	8.819404333684e-07	8.833317128998e-07	NaN	hold
25	8.819404333684e-07	8.924588422730e-01	8.819404333684e-07	8.833317128998e-07	NaN	hold
26	8.819404333684e-07	8.924588422730e-01	8.819404333684e-07	8.833317128998e-07	NaN	hold
27	8.819404333684e-07	8.924588422730e-01	8.819404333684e-07	8.833317128998e-07	NaN	hold
28	8.819404333684e-07	8.924588422730e-01	8.819404333684e-07	8.833317128998e-07	NaN	hold
29	8.819404333684e-07	8.924588422730e-01	8.819404333684e-07	8.833317128998e-07	NaN	hold
30	8.819404333684e-07	8.924588422730e-01	8.819404333684e-07	8.833317128998e-07	NaN	hold
31	8.819404333684e-07	8.924588422730e-01	8.819404333684e-07	8.833317128998e-07	NaN	hold
32	8.819404333684e-07	8.924588422730e-01	8.819404333684e-07	8.833317128998e-07	NaN	hold
33	8.819404333684e-07	8.924588422730e-01	8.819404333684e-07	8.833317128998e-07	NaN	hold
34	8.819404333684e-07	8.924588422730e-01	8.819404333684e-07	8.833317128998e-07	NaN	hold
35	8.819404333684e-07	8.924588422730e-01	8.819404333684e-07	8.833317128998e-07	NaN	hold
36	8.819404333684e-07	8.924588422730e-01	8.819404333684e-07	8.833317128998e-07	NaN	hold
37	8.819404333684e-07	8.924588422730e-01	8.819404333684e-07	8.833317128998e-07	NaN	hold
38	8.819404333684e-07	8.924588422730e-01	8.819404333684e-07	8.833317128998e-07	NaN	hold
39	8.819404333684e-07	8.924588422730e-01	8.819404333684e-07	8.833317128998e-07	NaN	hold
40	8.819404333684e-07	8.924588422730e-01	8.819404333684e-07	8.833317128998e-07	NaN	hold
41	8.819404333684e-07	8.924588422730e-01	8.819404333684e-07	8.833317128998e-07	NaN	hold
42	8.819404333684e-07	8.924588422730e-01	8.819404333684e-07	8.833317128998e-07	NaN	hold
43	8.819404333684e-07	8.924588422730e-01	8.819404333684e-07	8.833317128998e-07	NaN	hold
44	8.819404333684e-07	8.924588422730e-01	8.819404333684e-07	8.833317128998e-07	NaN	hold
45	8.819404333684e-07	8.924588422730e-01	8.819404333684e-07	8.833317128998e-07	NaN	hold
46	8.819404333684e-07	8.924588422730e-01	8.819404333684e-07	8.833317128998e-07	NaN	hold
47	8.819404333684e-07	8.924588422730e-01	8.819404333684e-07	8.833317128998e-07	NaN	hold
48	8.819404333684e-07	8.924588422730e-01	8.819404333684e-07	8.833317128998e-07	NaN	hold
49	8.819404333684e-07	8.924588422730e-01	8.819404333684e-07	8.833317128998e-07	NaN	hold
50	8.819404333684e-07	8.924588422730e-01	8.819404333684e-07	8.833317128998e-07	NaN	hold
51	8.819404333684e-07	8.924588422730e-01	8.819404333684e-07	8.833317128998e-07	NaN	hold
52	8.819404333684e-07	8.924588422730e-01	8.819404333684e-07	8.833317128998e-07	NaN	hold
53	8.819404333684e-07	8.924588422730e-01	8.819404333684e-07	8.833317128998e-07	NaN	hold
54	8.819404333684e-07	8.924588422730e-01	8.819404333684e-07	8.833317128998e-07	NaN	hold
55	8.819404333684e-07	8.924588422730e-01	8.819404333684e-07	8.833317128998e-07	NaN	hold
56	8.819404333684e-07	8.924588422730e-01	8.819404333684e-07	8.833317128998e-07	NaN	hold
57	8.819404333684e-07	8.924588422730e-01	8.819404333684e-07	8.833317128998e-07	NaN	hold
58	8.819404333684e-07	8.924588422730e-01	8.819404333684e-07	8.833317128998e-07	NaN	hold
59	8.819404333684e-07	8.924588422730e-01	8.819404333684e-07	8.833317128998e-07	NaN	hold
60	8.819404333684e-07	8.924588422730e-01	8.819404333684e-07	8.833317128998e-07	NaN	hold
61	8.819404333684e-07	8.924588422730e-01	8.819404333684e-07	8.833317128998e-07	NaN	hold
62	8.819404333684e-07	8.924588422730e-01	8.819404333684e-07	8.833317128998e-07	NaN	hold
63	8.819404333684e-07	8.924588422730e-01	8.819404333684e-07	8.833317128998e-07	NaN	hold
64	8.819404333684e-07	8.924588422730e-01	8.819404333684e-07	8.833317128998e-07	NaN	hold
65	8.819404333684e-07	8.924588422730e-01	8.819404333684e-07	8.833317128998e-07	NaN	hold
66	8.819404333684e-07	8.924588422730e-01	8.819404333684e-07	8.833317128998e-07	NaN	hold
67	8.819404333684e-07	8.924588422730e-01	8.819404333684e-07	8.833317128998e-07	NaN	hold
68	8.819404333684e-07	8.924588422730e-01	8.819404333684e-07	8.833317128998e-07	NaN	hold
69	8.819404333684e-07	8.924588422730e-01	8.819404333684e-07	8.833317128998e-07	NaN	hold
70	8.819404333684e-07	8.924588422730e-01	8.819404333684e-07	8.833317128998e-07	NaN	hold
71	8.819404333684e-07	8.924588422730e-01	8.819404333684e-07	8.833317128998e-07	NaN	hold
72	8.819404333684e-07	8.924588422730e-01	8.819404333684e-07	8.833317128998e-07	NaN	hold
73	8.819404333684e-07	8.924588422730e-01	8.819404333684e-07	8.833317128998e-07	NaN	hold
74	8.819404333684e-07	8.924588422730e-01	8.819404333684e-07	8.833317128998e-07	NaN	hold
75	8.819404333684e-07	8.924588422730e-01	8.819404333684e-07	8.833317128998e-07	NaN	hold
76	8.819404333684e-07	8.924588422730e-01	8.819404333684e-07	8.833317128998e-07	NaN	hold
77	8.819404333684e-07	8.924588422730e-01	8.819404333684e-07	8.833317128998e-07	NaN	hold
78	8.819404333684e-07	8.924588422730e-01	8.819404333684e-07	8.833317128998e-07	NaN	hold
79	8.819404333684e-07	8.924588422730e-01	8.819404333684e-07	8.833317128998e-07	NaN	hold
80	8.819404333684e-07	8.924588422730e-01	8.819404333684e-07	8.833317128998e-07	NaN	hold
81	8.819404333684e-07	8.924588422730e-01	8.819404333684e-07	8.833317128998e-07	NaN	hold
82	8.819404333684e-07	8.924588422730e-01	8.819404333684e-07	8.833317128998e-07	NaN	hold
83	8.819404333684e-07	8.924588422730e-01	8.819404333684e-07	8.833317128998e-07	NaN	hold
84	8.819404333684e-07	8.924588422730e-01	8.819404333684e-07	8.833317128998e-07	NaN	hold
85	8.819404333684e-07	8.924588422730e-01	8.819404333684e-07	8.833317128998e-07	NaN	hold
86	8.819404333684e-07	8.924588422730e-01	8.819404333684e-07	8.833317128998e-07	NaN	hold
87	8.819404333684e-07	8.924588422730e-01	8.819404333684e-07	8.833317128998e-07	NaN	hold
88	8.819404333684e-07	8.924588422730e-01	8.819404333684e-07	8.833317128998e-07	NaN	hold
89	8.819404333684e-07	8.924588422730e-01	8.819404333684e-07	8.833317128998e-07	NaN	hold
90	8.819404333684e-07	8.924588422730e-01	8.819404333684e-07	8.833317128998e-07	NaN	hold
91	8.819404333684e-07	8.924588422730e-01	8.819404333684e-07	8.833317128998e-07	NaN	hold
92	8.819404333684e-07	8.924588422730e-01	8.819404333684e-07	8.833317128998e-07	NaN	hold
93	8.819404333684e-07	8.924588422730e-01	8.819404333684e-07	8.833317128998e-07	NaN	hold
94	8.819404333684e-07	8.924588422730e-01	8.819404333684e-07	8.833317128998e-07	NaN	hold
95	8.819404333684e-07	8.924588422730e-01	8.819404333684e-07	8.833317128998e-07	NaN	hold
96	8.819404333684e-07	8.924588422730e-01	8.819404333684e-07	8.833317128998e-07	NaN	hold
97	8.819404333684e-07	8.924588422730e-01	8.819404333684e-07	8.833317128998e-07	NaN	hold
98	8.819404333684e-07	8.924588422730e-01	8.819404333684e-07	8.833317128998e-07	NaN	hold
99	8.819404333684e-07	8.924588422730e-01	8.819404333684e-07	8.833317128998e-07	NaN	hold
100	8.819404333684e-07	8.924588422730e-01	8.819404333684e-07	8.833317128998e-07	NaN	hold
101	8.819404333684e-07	8.924588422730e-01	8.819404333684e-07	8.833317128998e-07	NaN	hold
102	8.819404333684e-07	8.924588422730e-01	8.819404333684e-07	8.833317128998e-07	NaN	hold
103	8.819404333684e-07	8.924588422730e-01	8.819404333684e-07	8.833317128998e-07	NaN	hold
104	8.819404333684e-07	8.924588422730e-01	8.819404333684e-07	8.833317128998e-07	NaN	hold
105	8.819404333684e-07	8.924588422730e-01	8.819404333684e-07	8.833317128998e-07	NaN	hold
106	8.819404333684e-07	8.924588422730e-01	8.819404333684e-07	8.833317128998e-07	NaN	hold
107	8.819404333684e-07	8.924588422730e-01	8.819404333684e-07	8.833317128998e-07	NaN	hold
108	8.819404333684e-07	8.924588422730e-01	8.819404333684e-07	8.833317128998e-07	NaN	hold
109	8.819404333684e-07	8.924588422730e-01	8.819404333684e-07	8.833317128998e-07	NaN	hold
110	8.819404333684e-07	8.924588422730e-01	8.819404333684e-07	8.833317128998e-07	NaN	hold
111	8.819404333684e-07	8.924588422730e-01	8.819404333684e-07	8.833317128998e-07	NaN	hold
112	8.819404333684e-07	8.924588422730e-01	8.819404333684e-07	8.833317128998e-07	NaN	hold
113	8.819404333684e-07	8.924588422730e-01	8.819404333684e-07	8.833317128998e-07	NaN	hold
114	8.819404333684e-07	8.924588422730e-01	8.819404333684e-07	8.833317128998e-07	NaN	hold
115	8.819404333684e-07	8.924588422730e-01	8.819404333684e-07	8.833317128998e-07	NaN	hold
116	8.819404333684e-07	8.924588422730e-01	8.819404333684e-07	8.833317128998e-07	NaN	hold
117	8.819404333684e-07	8.924588422730e-01	8.819404333684e-07	8.833317128998e-07	NaN	hold
118	8.819404333684e-07	8.924588422730e-01	8.819404333684e-07	8.833317128998e-07	NaN	hold
119	8.819404333684e-07	8.924588422730e-01	8.819404333684e-07	8.833317128998e-07	NaN	hold
120	8.819404333684e-07	8.924588422730e-01	8.819404333684e-07	8.833317128998e-07	NaN	hold
121	8.819404333684e-07	8.924588422730e-01	8.819404333684e-07	8.833317128998e-07	NaN	hold
122	8.819404333684e-07	8.924588422730e-01	8.819404333684e-07	8.833317128998e-07	NaN	hold
123	8.819404333684e-07	8.924588422730e-01	8.819404333684e-07	8.833317128998e-07	NaN	hold
124	8.819404333684e-07	8.924588422730e-01	8.819404333684e-07	8.833317128998e-07	NaN	hold
125	8.819404333684e-07	8.924588422730e-01	8.819404333684e-07	8.833317128998e-07	NaN	hold
126	8.819404333684e-07	8.924588422730e-01	8.819404333684e-07	8.833317128998e-07	NaN	hold
127	8.819404333684e-07	8.924588422730e-01	8.819404333684e-07	8.833317128998e-07	NaN	hold
128	8.819404333684e-07	8.924588422730e-01	8.819404333684e-07	8.833317128998e-07	NaN	hold
129	8.819404333684e-07	8.924588422730e-01	8.819404333684e-07	8.833317128998e-07	NaN	hold
130	8.819404333684e-07	8.924588422730e-01	8.819404333684e-07	8.833317128998e-07	NaN	hold
131	8.819404333684e-07	8.924588422730e-01	8.819404333684e-07	8.833317128998e-07	NaN	hold
132	8.819404333684e-07	8.924588422730e-01	8.819404333684e-07	8.833317128998e-07	NaN	hold
133	8.819404333684e-07	8.924588422730e-01	8.819404333684e-07	8.833317128998e-07	NaN	hold
134	8.819404333684e-07	8.924588422730e-01	8.819404333684e-07	8.833317128998e-07	NaN	hold
135	8.819404333684e-07	8.924588422730e-01	8.819404333684e-07	8.833317128998e-07	NaN	hold
136	8.819404333684e-07	8.924588422730e-01	8.819404333684e-07	8.833317128998e-07	NaN	hold
137	8.819404333684e-07	8.924588422730e-01	8.819404333684e-07	8.833317128998e-07	NaN	hold
138	8.819404333684e-07	8.924588422730e-01	8.819404333684e-07	8.833317128998e-07	NaN	hold
139	8.819404333684e-07	8.924588422730e-01	8.819404333684e-07	8.833317128998e-07	NaN	hold
140	8.819404333684e-07	8.924588422730e-01	8.819404333684e-07	8.833317128998e-07	NaN	hold
141	8.819404333684e-07	8.924588422730e-01	8.819404333684e-07	8.833317128998e-07	NaN	hold
142	8.819404333684e-07	8.924588422730e-01	8.819404333684e-07	8.833317128998e-07	NaN	hold
143	8.819404333684e-07	8.924588422730e-01	8.819404333684e-07	8.833317128998e-07	NaN	hold
144	8.819404333684e-07	8.924588422730e-01	8.819404333684e-07	8.833317128998e-07	NaN	hold
145	8.819404333684e-07	8.924588422730e-01	8.819404333684e-07	8.833317128998e-07	NaN	hold
146	8.819404333684e-07	8.924588422730e-01	8.819404333684e-07	8.833317128998e-07	NaN	hold
147	8.819404333684e-07	8.924588422730e-01	8.819404333684e-07	8.833317128998e-07	NaN	hold
148	8.819404333684e-07	8.924588422730e-01	8.819404333684e-07	8.833317128998e-07	NaN	hold
149	8.819404333684e-07	8.924588422730e-01	8.819404333684e-07	8.833317128998e-07	NaN	hold
150	8.819404333684e-07	8.924588422730e-01	8.819404333684e-07	8.833317128998e-07	NaN	hold
151	8.819404333684e-07	8.924588422730e-01	8.819404333684e-07	8.833317128998e-07	NaN	hold
152	8.819404333684e-07	8.924588422730e-01	8.819404333684e-07	8.833317128998e-07	NaN	hold
153	8.819404333684e-07	8.924588422730e-01	8.819404333684e-07	8.833317128998e-07	NaN	hold
154	8.819404333684e-07	8.924588422730e-01	8.819404333684e-07	8.833317128998e-07	NaN	hold
155	8.819404333684e-07	8.924588422730e-01	8.819404333684e-07	8.833317128998e-07	NaN	hold
156	8.819404333684e-07	8.924588422730e-01	8.819404333684e-07	8.833317128998e-07	NaN	hold
157	8.819404333684e-07	8.924588422730e-01	8.819404333684e-07	8.833317128998e-07	NaN	hold
158	8.819404333684e-07	8.924588422730e-01	8.819404333684e-07	8.833317128998e-07	NaN	hold
159	8.819404333684e-07	8.924588422730e-01	8.819404333684e-07	8.833317128998e-07	NaN	hold
160	8.819404333684e-07	8.924588422730e-01	8.819404333684e-07	8.833317128998e-07	NaN	hold
161	8.819404333684e-07	8.924588422730e-01	8.819404333684e-07	8.833317128998e-07	NaN	hold
162	8.819404333684e-07	8.924588422730e-01	8.819404333684e-07	8.833317128998e-07	NaN	hold
163	8.819404333684e-07	8.924588422730e-01	8.819404333684e-07	8.833317128998e-07	NaN	hold
164	8.819404333684e-07	8.924588422730e-01	8.819404333684e-07	8.833317128998e-07	NaN	hold
165	8.819404333684e-07	8.924588422730e-01	8.819404333684e-07	8.833317128998e-07	NaN	hold
166	8.819404333684e-07	8.924588422730e-01	8.819404333684e-07	8.833317128998e-07	NaN	hold
167	8.819404333684e-07	8.924588422730e-01	8.819404333684e-07	8.833317128998e-07	NaN	hold
168	8.819404333684e-07	8.924588422730e-01	8.819404333684e-07	8.833317128998e-07	NaN	hold
169	8.819404333684e-07	8.924588422730e-01	8.819404333684e-07	8.833317128998e-07	NaN	hold
170	8.819404333684e-07	8.924588422730e-01	8.819404333684e-07	8.833317128998e-07	NaN	hold
171	8.819404333684e-07	8.924588422730e-01	8.819404333684e-07	8.833317128998e-07	NaN	hold
172	8.819404333684e-07	8.924588422730e-01	8.819404333684e-07	8.833317128998e-07	NaN	hold
173	8.819404333684e-07	8.924588422730e-01	8.819404333684e-07	8.833317128998e-07	NaN	hold
174	8.819404333684e-07	8.924588422730e-01	8.819404333684e-07	8.833317128998e-07	NaN	hold
175	8.819404333684e-07	8.924588422730e-01	8.819404333684e-07	8.833317128998e-07	NaN	hold
176	8.819404333684e-07	8.924588422730e-01	8.819404333684e-07	8.833317128998e-07	NaN	hold
177	8.819404333684e-07	8.924588422730e-01	8.819404333684e-07	8.833317128998e-07	NaN	hold
178	8.819404333684e-07	8.924588422730e-01	8.819404333684e-07	8.833317128998e-07	NaN	hold
179	8.819404333684e-07	8.924588422730e-01	8.819404333684e-07	8.833317128998e-07	NaN	hold
180	8.819404333684e-07	8.924588422730e-01	8.819404333684e-07	8.833317128998e-07	NaN	hold
181	8.819404333684e-07	8.924588422730e-01	8.819404333684e-07	8.833317128998e-07	NaN	hold
182	8.819404333684e-07	8.924588422730e-01	8.819404333684e-07	8.833317128998e-07	NaN	hold
183	8.819404333684e-07	8.924588422730e-01	8.819404333684e-07	8.833317128998e-07	NaN	hold
184	8.819404333684e-07	8.924588422730e-01	8.819404333684e-07	8.833317128998e-07	NaN	hold
185	8.819404333684e-07	8.924588422730e-01	8.819404333684e-07	8.833317128998e-07	NaN	hold
186	8.819404333684e-07	8.924588422730e-01	8.819404333684e-07	8.833317128998e-07	NaN	hold
187	8.819404333684e-07	8.924588422730e-01	8.819404333684e-07	8.833317128998e-07	NaN	hold
188	8.819404333684e-07	8.924588422730e-01	8.819404333684e-07	8.833317128998e-07	NaN	hold
189	8.819404333684e-07	8.924588422730e-01	8.819404333684e-07	8.833317128998e-07	NaN	hold
190	8.819404333684e-07	8.924588422730e-01	8.819404333684e-07	8.833317128998e-07	NaN	hold
191	8.819404333684e-07	8.924588422730e-01	8.819404333684e-07	8.833317128998e-07	NaN	hold
192	8.819404333684e-07	8.924588422730e-01	8.819404333684e-07	8.833317128998e-07	NaN	hold
193	8.819404333684e-07	8.924588422730e-01	8.819404333684e-07	8.833317128998e-07	NaN	hold
194	8.819404333684e-07	8.924588422730e-01	8.819404333684e-07	8.833317128998e-07	NaN	hold
195	8.819404333684e-07	8.924588422730e-01	8.819404333684e-07	8.833317128998e-07	NaN	hold
196	8.819404333684e-07	8.924588422730e-01	8.819404333684e-07	8.833317128998e-07	NaN	hold
197	8.819404333684e-07	8.924588422730e-01	8.819404333684e-07	8.833317128998e-07	NaN	hold
198	8.819404333684e-07	8.924588422730e-01	8.819404333684e-07	8.833317128998e-07	NaN	hold
199	8.819404333684e-07	8.924588422730e-01	8.819404333684e-07	8.833317128998e-07	NaN	hold
200	8.819404333684e-07	8.924588422730e-01	8.819404333684e-07	8.833317128998e-07	NaN	hold
